sbi08,omschr,sectie,afdeling,sbi08_3,sbi08_4,sector
0000,Onbekend,U,00,000,0000,14
0001,Code nog niet vastgesteld,U,00,000,0001,14
0002,Geen bedrijfsactiviteiten,U,00,000,0002,14
00099,CBS landbouw,A,01,000,0009,01
0111,"Teelt van granen, peulvruchten en oliehoudende zaden",A,01,011,0111,01
01131,Teelt van groenten in de volle grond,A,01,011,0113,01
01132,Teelt van groenten onder glas,A,01,011,0113,01
01133,Teelt van paddenstoelen,A,01,011,0113,01
01134,Teelt van aardappels en overige wortel- en knolgewassen,A,01,011,0113,01
0116,Teelt van vezelgewassen,A,01,011,0116,01
01191,Teelt van snijbloemen en snijheesters in de volle grond,A,01,011,0119,01
01192,Teelt van snijbloemen en snijheesters onder glas,A,01,011,0119,01
01193,Teelt van voedergewassen,A,01,011,0119,01
01199,Teelt van overige eenjarige gewassen (rest),A,01,011,0119,01
0121,Druiventeelt,A,01,012,0121,01
01241,Teelt van appels en peren,A,01,012,0124,01
01242,Teelt van steenvruchten,A,01,012,0124,01
01251,Teelt van aardbeien in de volle grond,A,01,012,0125,01
01252,Teelt van aardbeien onder glas,A,01,012,0125,01
01253,Teelt van houtig kleinfruit in de volle grond (incl. overige,A,01,012,0125,01
01254,Teelt van houtig kleinfruit onder glas,A,01,012,0125,01
0127,Teelt van gewassen bestemd voor de vervaardiging van dranken,A,01,012,0127,01
0128,Teelt van specerijgewassen en van aromatische en medicinale,A,01,012,0128,01
0129,Teelt van overige meerjarige gewassen,A,01,012,0129,01
01301,Teelt van bloembollen,A,01,013,0130,01
01302,Teelt van perkplanten in de volle grond,A,01,013,0130,01
01303,Teelt van perkplanten onder glas,A,01,013,0130,01
01304,Teelt van potplanten onder glas,A,01,013,0130,01
01305,Teelt van boomkwekerijgewassen in de volle grond,A,01,013,0130,01
01309,Teelt van overige sierplanten in de volle grond,A,01,013,0130,01
01411,Houden van melkvee,A,01,014,0141,01
01412,Opfokken van jongvee voor de melkveehouderij,A,01,014,0141,01
01421,Houden van vleeskalveren,A,01,014,0142,01
01422,Overige vleesveehouderij en zoogkoeienbedrijven,A,01,014,0142,01
0143,Fokken en houden van paarden en ezels,A,01,014,0143,01
01451,Fokken en houden van schapen,A,01,014,0145,01
01452,Fokken en houden van geiten,A,01,014,0145,01
01461,Fokvarkens- en vermeerderingsbedrijven,A,01,014,0146,01
01462,Vleesvarkensbedrijven,A,01,014,0146,01
01463,Gesloten en deels gesloten varkensbedrijven,A,01,014,0146,01
01471,Opfokken en/of houden van leghennen,A,01,014,0147,01
01472,Opfokken en/of houden van vleeskuikens,A,01,014,0147,01
01473,Opfokken en/of houden van ouderdieren van leghennen en vlees,A,01,014,0147,01
01479,Opfokken en/of houden van overig pluimvee,A,01,014,0147,01
01491,Fokken en houden van edelpelsdieren,A,01,014,0149,01
01499,Fokken en houden van overige dieren (rest),A,01,014,0149,01
0150,Akker- en/of tuinbouw in combinatie met veehouderij,A,01,015,0150,01
0161,Dienstverlening voor de akker- en/of tuinbouw,A,01,016,0161,01
0162,Dienstverlening voor het fokken en houden van dieren,A,01,016,0162,01
0163,Behandeling van gewassen na de oogst,A,01,016,0163,01
0164,Behandeling van zaden voor vermeerdering,A,01,016,0164,01
0170,Jacht,A,01,017,0170,01
0210,Bosbouw,A,02,021,0210,01
0220,Exploitatie van bossen,A,02,022,0220,01
0240,Dienstverlening voor de bosbouw,A,02,024,0240,01
0311,Zee- en kustvisserij,A,03,031,0311,01
0312,Binnenvisserij,A,03,031,0312,01
0321,Kweken van zeevis en -schaaldieren,A,03,032,0321,01
0322,Kweken van zoetwatervis en -schaaldieren,A,03,032,0322,01
0610,Winning van aardolie,B,06,061,0610,02
0620,Winning van aardgas,B,06,062,0620,02
0812,"Winning van zand, grind en klei",B,08,081,0812,02
0892,Winning van turf,B,08,089,0892,02
0893,Winning van zout,B,08,089,0893,02
0899,Winning van overige delfstoffen (rest),B,08,089,0899,02
0910,Dienstverlening voor de winning van aardolie en aardgas,B,09,091,0910,02
0990,Dienstverlening voor de winning van delfstoffen,B,09,099,0990,02
1011,Slachterijen (geen pluimvee-),C,10,101,1011,02
1012,Pluimveeslachterijen,C,10,101,1012,02
1013,Vleesverwerking (niet tot maaltijden),C,10,101,1013,02
1020,Visverwerking,C,10,102,1020,02
1031,Vervaardiging van aardappelproducten,C,10,103,1031,02
1032,Vervaardiging van fruit- en groentesap,C,10,103,1032,02
1039,Verwerking van groente en fruit (niet tot sap en maaltijden),C,10,103,1039,02
1041,Vervaardiging van plantaardige en dierlijke oliën en vetten,C,10,104,1041,02
1042,Vervaardiging van margarine en overige spijsvetten,C,10,104,1042,02
1051,Vervaardiging van zuivelproducten (geen consumptie-ijs),C,10,105,1051,02
1052,Vervaardiging van consumptie-ijs,C,10,105,1052,02
1061,Vervaardiging van meel (geen zetmeel),C,10,106,1061,02
1062,Vervaardiging van zetmeel en zetmeelproducten,C,10,106,1062,02
1071,Vervaardiging van brood en vers banketbakkerswerk,C,10,107,1071,02
1072,Vervaardiging van beschuit en koekjes e.d.,C,10,107,1072,02
1073,Vervaardiging van deegwaren,C,10,107,1073,02
1081,Vervaardiging van suiker,C,10,108,1081,02
10821,Verwerking van cacao,C,10,108,1082,02
10822,Vervaardiging van chocolade en suikerwerk,C,10,108,1082,02
1083,Verwerking van koffie en thee,C,10,108,1083,02
1084,"Vervaardiging van specerijen, sauzen en kruiderijen",C,10,108,1084,02
1085,Vervaardiging van kant-en-klaarmaaltijden en snacks,C,10,108,1085,02
1086,Vervaardiging van gehomogeniseerde voedingspreparaten,C,10,108,1086,02
1089,Vervaardiging van overige voedingsmiddelen (rest),C,10,108,1089,02
1091,Vervaardiging van veevoeders,C,10,109,1091,02
1092,Vervaardiging van voeders voor huisdieren,C,10,109,1092,02
1101,Vervaardiging van sterk alcoholische dranken,C,11,110,1101,02
1102,Vervaardiging van wijn uit druiven,C,11,110,1102,02
1103,Vervaardiging van cider en van overige vruchtenwijnen,C,11,110,1103,02
1104,Vervaardiging v. overige niet-gedistilleerde gegiste dranken,C,11,110,1104,02
1105,Vervaardiging van bier,C,11,110,1105,02
1106,Mouterijen,C,11,110,1106,02
1107,Vervaardiging van frisdranken; productie van mineraalwater,C,11,110,1107,02
1200,Vervaardiging van tabaksproducten,C,12,120,1200,02
1310,Bewerken en spinnen van textielvezels,C,13,131,1310,02
1320,Weven van textiel,C,13,132,1320,02
1330,Textielveredeling,C,13,133,1330,02
1391,Vervaardiging van gebreide en gehaakte stoffen,C,13,139,1391,02
1392,Vervaardiging van geconfectioneerde artikelen van textiel,C,13,139,1392,02
1393,Vervaardiging van vloerkleden en tapijt,C,13,139,1393,02
1394,"Vervaardiging van koord, bindgaren, touw en netten",C,13,139,1394,02
1395,Vervaardiging van gebonden textielvlies en artikelen daarvan,C,13,139,1395,02
1396,Vervaardiging van technisch en industrieel textiel,C,13,139,1396,02
1399,Vervaardiging van overige textielproducten (rest),C,13,139,1399,02
1411,Vervaardiging van kleding van leer,C,14,141,1411,02
1412,Vervaardiging van werkkleding,C,14,141,1412,02
1413,Vervaardiging van overige bovenkleding,C,14,141,1413,02
1414,Vervaardiging van onderkleding,C,14,141,1414,02
1419,"Vervaardiging van baby- en sportkleding, kledingaccessoires",C,14,141,1419,02
1420,Vervaardiging van artikelen van bont,C,14,142,1420,02
1431,Vervaardiging van gebreide en gehaakte kousen en sokken,C,14,143,1431,02
1439,Vervaardiging van gebreide en gehaakte kleding,C,14,143,1439,02
1511,Looien en bewerken van leer; bereiden en verven van bont,C,15,151,1511,02
1512,"Vervaardiging van koffers, tassen e.d.",C,15,151,1512,02
1520,Vervaardiging van schoenen,C,15,152,1520,02
16101,Zagen en schaven en overige primaire houtbewerking,C,16,161,1610,02
16102,Verduurzamen van hout,C,16,161,1610,02
1621,Vervaardiging van fineer en plaatmateriaal op basis van hout,C,16,162,1621,02
1622,Vervaardiging van panelen voor parketvloeren,C,16,162,1622,02
16231,"Vervaardiging van deuren, ramen en kozijnen van hout",C,16,162,1623,02
16239,Vervaardiging van overig timmerwerk voor de bouw,C,16,162,1623,02
1624,Vervaardiging van houten emballage,C,16,162,1624,02
1629,Vervaardiging van overige artikelen van hout,C,16,162,1629,02
1711,Vervaardiging van papierpulp,C,17,171,1711,02
17121,Vervaardiging van grafisch papier en karton,C,17,171,1712,02
17122,Vervaardiging van papier en karton voor verpakking,C,17,171,1712,02
17129,Vervaardiging van papier en karton,C,17,171,1712,02
17211,Vervaardiging van verpakkingsmiddelen van papier en karton,C,17,172,1721,02
17212,Vervaardiging van golfpapier en -karton,C,17,172,1721,02
1722,Vervaardiging van huishoudelijke en sanitaire papierwaren,C,17,172,1722,02
1723,Vervaardiging van kantoorbenodigdheden van papier,C,17,172,1723,02
1724,Vervaardiging van behangselpapier,C,17,172,1724,02
1729,Vervaardiging van overige papier- en kartonwaren,C,17,172,1729,02
1811,Drukkerijen van dagbladen,C,18,181,1811,02
18121,Drukkerijen van boeken e.d.,C,18,181,1812,02
18122,Drukkerijen van tijdschriften,C,18,181,1812,02
18123,Drukkerijen van reclame,C,18,181,1812,02
18124,Drukkerijen van verpakkingen,C,18,181,1812,02
18125,Drukkerijen van formulieren,C,18,181,1812,02
18129,Overige drukkerijen (rest),C,18,181,1812,02
1813,Prepress- en premedia-activiteiten,C,18,181,1813,02
1814,Grafische afwerking en overige verwante activiteiten,C,18,181,1814,02
1820,Reproductie van opgenomen media,C,18,182,1820,02
1910,Vervaardiging van cokesovenproducten,C,19,191,1910,02
19201,Aardolieraffinage,C,19,192,1920,02
19202,Aardolieverwerking (geen -raffinage),C,19,192,1920,02
2011,Vervaardiging van industriële gassen,C,20,201,2011,02
2012,Vervaardiging van kleur- en verfstoffen,C,20,201,2012,02
2013,Vervaardiging van overige anorganische basischemicaliën,C,20,201,2013,02
20141,Vervaardiging van petrochemische producten,C,20,201,2014,02
20149,Vervaardiging van overige organische basischemicaliën,C,20,201,2014,02
2015,Vervaardiging van kunstmeststoffen en stikstofverbindingen,C,20,201,2015,02
2016,Vervaardiging van kunststof in primaire vorm,C,20,201,2016,02
2017,Vervaardiging van synthetische rubber in primaire vorm,C,20,201,2017,02
2020,Vervaardiging van verdelgingsmiddelen en landbouwchemicaliën,C,20,202,2020,02
2030,"Vervaardiging van verf, vernis e.d., drukinkt en mastiek",C,20,203,2030,02
2041,"Vervaardiging van zeep, was-, poets- en reinigingsmiddelen",C,20,204,2041,02
2042,Vervaardiging van parfums en cosmetica,C,20,204,2042,02
2051,Vervaardiging van kruit en springstoffen en van lucifers,C,20,205,2051,02
2052,Vervaardiging van lijm en bereide kleefmiddelen,C,20,205,2052,02
2053,Vervaardiging van etherische oliën,C,20,205,2053,02
2059,Vervaardiging van overige chemische producten (rest),C,20,205,2059,02
2060,Vervaardiging van synthetische en kunstmatige vezels,C,20,206,2060,02
2110,Vervaardiging van farmaceutische grondstoffen,C,21,211,2110,02
2120,Vervaardiging van farmaceutische producten,C,21,212,2120,02
2211,Vervaardiging van rubberbanden en loopvlakvernieuwing,C,22,221,2211,02
2219,Vervaardiging van producten van rubber (geen banden),C,22,221,2219,02
2221,"Vervaardiging v. platen,folie,buizen,profielen v. kunststof",C,22,222,2221,02
2222,Vervaardiging van verpakkingsmiddelen van kunststof,C,22,222,2222,02
2223,Vervaardiging van kunststofproducten voor de bouw,C,22,222,2223,02
2229,Vervaardiging van overige producten van kunststof,C,22,222,2229,02
2311,Vervaardiging van vlakglas,C,23,231,2311,02
2312,Vormen en bewerken van vlakglas,C,23,231,2312,02
2313,Vervaardiging van holglas,C,23,231,2313,02
2314,Vervaardiging van glasvezels,C,23,231,2314,02
2319,"Vervaardiging en bewerking van overig glas,",C,23,231,2319,02
2320,Vervaardiging van vuurvaste keramische producten,C,23,232,2320,02
2331,Vervaardiging van keramische tegels en plavuizen,C,23,233,2331,02
2332,Vervaardiging van keramische producten voor de bouw,C,23,233,2332,02
2341,Vervaardiging van huishoudelijk en sieraardewerk,C,23,234,2341,02
2342,Vervaardiging van sanitair aardewerk,C,23,234,2342,02
2343,Vervaardiging van isolatoren en keramisch isolatiemateriaal,C,23,234,2343,02
2344,Vervaardiging van overig technisch aardewerk,C,23,234,2344,02
2349,Vervaardiging van overige keramische producten (rest),C,23,234,2349,02
2351,Vervaardiging van cement,C,23,235,2351,02
2352,Vervaardiging van kalk en gips,C,23,235,2352,02
23611,Vervaardiging van producten voor de bouw van beton,C,23,236,2361,02
23612,Vervaardiging van kalkzandsteen,C,23,236,2361,02
2362,Vervaardiging van producten voor de bouw van gips,C,23,236,2362,02
2363,Vervaardiging van stortklare beton,C,23,236,2363,02
2364,Vervaardiging van mortel in droge vorm,C,23,236,2364,02
2365,Vervaardiging van producten van vezelcement,C,23,236,2365,02
2369,"Vervaardiging van overige producten van beton, gips, cement",C,23,236,2369,02
2370,Natuursteenbewerking,C,23,237,2370,02
2391,"Vervaardiging van schuur-, slijp- en polijstmiddelen",C,23,239,2391,02
2399,Vervaardiging van ov. niet-metaalhoudende minerale producten,C,23,239,2399,02
2410,Vervaardiging van ijzer en staal en van ferrolegeringen,C,24,241,2410,02
2420,"Vervaardiging van stalen buizen, pijpen, holle profielen",C,24,242,2420,02
2431,Koudtrekken van staven,C,24,243,2431,02
2432,Koudwalsen van bandstaal,C,24,243,2432,02
2433,Koudvervormen en koudfelsen,C,24,243,2433,02
2434,Koudtrekken van draad,C,24,243,2434,02
2441,Vervaardiging van edelmetalen,C,24,244,2441,02
2442,Vervaardiging van aluminium,C,24,244,2442,02
2443,"Vervaardiging van lood, zink en tin",C,24,244,2443,02
2444,Vervaardiging van koper,C,24,244,2444,02
2445,Vervaardiging van overige non-ferrometalen,C,24,244,2445,02
2446,Smelten en raffineren van uranium,C,24,244,2446,02
2451,Gieten van ijzer,C,24,245,2451,02
2452,Gieten van staal,C,24,245,2452,02
2453,Gieten van lichte metalen,C,24,245,2453,02
2454,Gieten van overige non-ferrometalen,C,24,245,2454,02
2511,Vervaardiging van metalen constructiewerken en delen daarvan,C,25,251,2511,02
2512,"Vervaardiging van metalen deuren, vensters en kozijnen",C,25,251,2512,02
2521,"Vervaardiging v. ketels, radiatoren voor centrale verwarming",C,25,252,2521,02
2529,Vervaardiging van metalen tanks en reservoirs,C,25,252,2529,02
2530,Vervaardiging van stoomketels (niet voor c.v.),C,25,253,2530,02
2540,Vervaardiging van wapens en munitie,C,25,254,2540,02
2550,"Smeden, persen, stampen en profielwalsen van metaal",C,25,255,2550,02
2561,Oppervlaktebehandeling en bekleding van metaal,C,25,256,2561,02
2562,Algemene metaalbewerking,C,25,256,2562,02
2571,"Vervaardiging van scharen, messen en bestek",C,25,257,2571,02
2572,Vervaardiging van hang- en sluitwerk,C,25,257,2572,02
2573,Vervaardiging van gereedschap,C,25,257,2573,02
2591,Vervaardiging van stalen vaten e.d.,C,25,259,2591,02
2592,Vervaardiging van verpakkingsmiddelen van licht metaal,C,25,259,2592,02
2593,Vervaardiging van artikelen van draad en van kettingen,C,25,259,2593,02
2594,"Vervaardiging van bouten, schroeven en moeren",C,25,259,2594,02
2599,Vervaardiging van overige producten van metaal (rest),C,25,259,2599,02
2611,Vervaardiging van elektronische componenten,C,26,261,2611,02
2612,Vervaardiging van elektronische printplaten,C,26,261,2612,02
2620,Vervaardiging van computers en randapparatuur,C,26,262,2620,02
2630,Vervaardiging van communicatieapparatuur,C,26,263,2630,02
2640,Vervaardiging van consumentenelektronica,C,26,264,2640,02
2651,"Vervaardiging van meet-, regel-, navigatie- en controleapp.",C,26,265,2651,02
2652,Vervaardiging van uurwerken,C,26,265,2652,02
2660,Vervaardiging van bestralingsapparatuur e.d.,C,26,266,2660,02
2670,Vervaardiging van optische instrumenten en apparatuur,C,26,267,2670,02
2680,Vervaardiging van informatiedragers,C,26,268,2680,02
2711,"Vervaardiging van elektromotoren, elektrische generatoren",C,27,271,2711,02
2712,Vervaardiging van schakel- en verdeelinrichtingen,C,27,271,2712,02
2720,Vervaardiging van batterijen en accumulatoren,C,27,272,2720,02
2731,Vervaardiging van kabels van optische vezels,C,27,273,2731,02
2732,"Vervaardiging van overige elektrische, elektronische kabels",C,27,273,2732,02
2733,"Vervaardiging van schakelaars, stekkers, stopcontacten e.d.",C,27,273,2733,02
2740,"Vervaardiging van elektrische lampen, verlichtingsapparaten",C,27,274,2740,02
2751,Vervaardiging van elektrische huishoudapparaten,C,27,275,2751,02
2752,Vervaardiging van niet-elektrische huishoudapparaten,C,27,275,2752,02
2790,Vervaardiging van overige elektrische apparatuur,C,27,279,2790,02
2811,"Vervaardiging van motoren, turbines (niet voor vliegtuigen)",C,28,281,2811,02
2812,Vervaardiging van hydraulische apparatuur,C,28,281,2812,02
2813,Vervaardiging van niet-hydraulische pompen en compressoren,C,28,281,2813,02
2814,Vervaardiging van appendages,C,28,281,2814,02
2815,"Vervaardiging van tandwielen, lagers e.d.",C,28,281,2815,02
2821,Vervaardiging van industriële ovens en branders,C,28,282,2821,02
2822,"Vervaardiging van hijs-, hef- en transportwerktuigen",C,28,282,2822,02
2823,Vervaardiging van kantoormachines en -apparatuur,C,28,282,2823,02
2824,Vervaardiging van pneumatisch en elektrisch handgereedschap,C,28,282,2824,02
2825,"Vervaardiging v. machines, app. voor industriële koeling",C,28,282,2825,02
2829,Vervaardiging van overige machines en apparaten,C,28,282,2829,02
2830,"Vervaardiging van machines, werktuigen voor land- en bosb.",C,28,283,2830,02
2841,Vervaardiging v. gereedschapswerktuigen voor metaalbewerking,C,28,284,2841,02
2849,Vervaardiging v. gereedschapswerktuigen niet voor metaalbew.,C,28,284,2849,02
2891,Vervaardiging van machines voor de metallurgie,C,28,289,2891,02
2892,Vervaardiging v. machines voor de bouw en winning v. delfst.,C,28,289,2892,02
2893,Vervaardiging van machines voor de productie van v&g.,C,28,289,2893,02
2894,"Vervaardiging v. machines voor de prod. van textiel, kleding",C,28,289,2894,02
2895,Vervaardiging van machines voor de productie van papier,C,28,289,2895,02
2896,Vervaardiging v. machines voor de kunststof- en rubberindus.,C,28,289,2896,02
2899,"Vervaardiging van overige machines, apparaten en werktuigen",C,28,289,2899,02
2910,Vervaardiging van auto's,C,29,291,2910,02
29201,Carrosseriebouw,C,29,292,2920,02
29202,Vervaardiging van aanhangwagens en opleggers,C,29,292,2920,02
2931,Vervaardiging van elektrische en elektronische onderdelen,C,29,293,2931,02
2932,"Vervaardiging v. niet-elektrische, -elektronische onderdelen",C,29,293,2932,02
3011,Bouw van schepen en drijvend materieel,C,30,301,3011,02
3012,Bouw van sport- en recreatievaartuigen,C,30,301,3012,02
3020,Vervaardiging van rollend spoor- en tramwegmaterieel,C,30,302,3020,02
3030,Vervaardiging van vliegtuigen en onderdelen daarvoor,C,30,303,3030,02
3040,Vervaardiging van militaire gevechtsvoertuigen,C,30,304,3040,02
3091,Vervaardiging van motor- en bromfietsen,C,30,309,3091,02
3092,Vervaardiging van fietsen en invalidenwagens,C,30,309,3092,02
3099,Vervaardiging van overige transportmiddelen (rest),C,30,309,3099,02
31011,Interieurbouw,C,31,310,3101,02
31012,Vervaardiging van bedrijfsmeubels,C,31,310,3101,02
3102,Vervaardiging van keukenmeubels,C,31,310,3102,02
3103,Vervaardiging van matrassen,C,31,310,3103,02
3109,Vervaardiging van overige meubels,C,31,310,3109,02
3211,Slaan van munten en medailles,C,32,321,3211,02
3212,Bewerken van edelstenen en vervaardiging van sieraden e.d.,C,32,321,3212,02
3213,Vervaardiging van imitatiesieraden,C,32,321,3213,02
3220,Vervaardiging van muziekinstrumenten,C,32,322,3220,02
3230,Vervaardiging van sportartikelen,C,32,323,3230,02
3240,Vervaardiging van speelgoed en spellen,C,32,324,3240,02
32501,Tandtechnische bedrijven,C,32,325,3250,02
32502,Vervaardiging van medische instrumenten en hulpmiddelen,C,32,325,3250,02
3291,Vervaardiging van borstelwaren,C,32,329,3291,02
32991,Sociale werkvoorziening,C,32,329,3299,02
32999,Vervaardiging van overige goederen (rest),C,32,329,3299,02
3311,Reparatie van producten van metaal,C,33,331,3311,02
33121,Reparatie en onderhoud van machines voor algemeen gebruik,C,33,331,3312,02
33122,Reparatie en onderhoud v. pneumatisch/elektrisch gereedschap,C,33,331,3312,02
33123,Reparatie en onderhoud van machines (specifieke bedrijfstak),C,33,331,3312,02
3313,Reparatie van elektronische en optische apparatuur,C,33,331,3313,02
3314,Reparatie van elektrische apparatuur,C,33,331,3314,02
3315,Reparatie en onderhoud van schepen,C,33,331,3315,02
3316,Reparatie en onderhoud van vliegtuigen,C,33,331,3316,02
3317,Reparatie en onderhoud van overige transportmiddelen,C,33,331,3317,02
3319,Reparatie van overige apparatuur,C,33,331,3319,02
3321,Installatie van ketels en tanks,C,33,332,3321,02
33221,Installatie van machines voor algemeen gebruik,C,33,332,3322,02
33222,Installatie van pneumatisch en elektrisch gereedschap,C,33,332,3322,02
33223,Installatie van machines voor een specifieke bedrijfstak,C,33,332,3322,02
3323,Installatie van elektronische en optische apparatuur,C,33,332,3323,02
3324,Installatie van elektrische apparatuur,C,33,332,3324,02
3329,Installatie van overige toebehoren,C,33,332,3329,02
35111,"Prod.v. elektr. door thermische, kern- en warmtekrachtcentr.",D,35,351,3511,03
35112,Productie van elektriciteit door windenergie,D,35,351,3511,03
35113,"Productie van elektriciteit door zonnecellen, warmtepompen",D,35,351,3511,03
3512,Beheer en exploitatie van transportnetten voor elektriciteit,D,35,351,3512,03
3513,Distributie van elektriciteit en gasvormige brandstoffen,D,35,351,3513,03
3514,Handel in elektriciteit en in gas via leidingen,D,35,351,3514,03
3520,Productie van aardgas,D,35,352,3520,03
3530,Productie en distributie van stoom en gekoelde lucht,D,35,353,3530,03
3600,Winning en distributie van water,E,36,360,3600,03
3700,Afvalwaterinzameling en -behandeling,E,37,370,3700,03
3811,Inzameling van onschadelijk afval,E,38,381,3811,03
3812,Inzameling van schadelijk afval,E,38,381,3812,03
3821,Behandeling van onschadelijk afval,E,38,382,3821,03
3822,Behandeling van schadelijk afval,E,38,382,3822,03
3831,"Sloop van schepen, witgoed, computers e.d.",E,38,383,3831,03
3832,Gesorteerd materiaal voorbereiden tot recycling,E,38,383,3832,03
3900,Sanering en overig afvalbeheer,E,39,390,3900,03
4110,Projectontwikkeling,F,41,411,4110,04
4120,Algemene burgerlijke en utiliteitsbouw,F,41,412,4120,04
42111,Wegenbouw,F,42,421,4211,04
42112,Stratenmaken,F,42,421,4211,04
4212,Bouw van boven- en ondergrondse spoorwegen,F,42,421,4212,04
4213,Bouw van kunstwerken,F,42,421,4213,04
4221,"Leggen van rioleringen, buizen en pijpleidingen",F,42,422,4221,04
4222,Leggen van elektriciteits- en telecommunicatiekabels,F,42,422,4222,04
4291,Natte waterbouw,F,42,429,4291,04
4299,Bouw van overige civieltechnische werken (rest),F,42,429,4299,04
4311,Slopen van bouwwerken,F,43,431,4311,04
4312,Grondverzet,F,43,431,4312,04
4313,Proefboren,F,43,431,4313,04
4321,Elektrotechnische bouwinstallatie,F,43,432,4321,04
43221,Loodgieters- en fitterswerk; installatie van sanitair,F,43,432,4322,04
43222,Installatie van verwarmings- en luchtbehandelingsapparatuur,F,43,432,4322,04
4329,Overige bouwinstallatie,F,43,432,4329,04
4331,Stukadoren,F,43,433,4331,04
4332,Bouwtimmeren,F,43,433,4332,04
4333,Afwerking van vloeren en wanden,F,43,433,4333,04
4334,Schilderen en glaszetten,F,43,433,4334,04
4339,Overige afwerking van gebouwen,F,43,433,4339,04
4391,Dakdekken en bouwen van dakconstructies,F,43,439,4391,04
43991,Heien en andere funderingswerkzaamheden,F,43,439,4399,04
43992,Vlechten van betonstaal,F,43,439,4399,04
43993,Metselen en voegen,F,43,439,4399,04
43999,Overige gespecialiseerde werkzaamheden in de bouw (rest),F,43,439,4399,04
45111,Import van nieuwe personenauto's en lichte bedrijfsauto's,G,45,451,4511,05
45112,Handel in en reparatie van personenauto's en bedrijfsauto's,G,45,451,4511,05
45191,Import van nieuwe bedrijfsauto's,G,45,451,4519,05
45192,Handel in en reparatie van zwaardere bedrijfsauto's,G,45,451,4519,05
45193,Handel in en reparatie van aanhangwagens en opleggers,G,45,451,4519,05
45194,Handel in en reparatie van caravans,G,45,451,4519,05
45201,Auto-onderdelenservicebedrijven,G,45,452,4520,05
45202,Bandenservicebedrijven,G,45,452,4520,05
45203,Reparatie van specifieke auto-onderdelen,G,45,452,4520,05
45204,Carrosserieherstel,G,45,452,4520,05
45205,Overige gespecialiseerde reparatie en slepen van auto's,G,45,452,4520,05
45311,"Groothandel en handelsbemiddeling in auto-onderdelen, -acc.",G,45,453,4531,05
45312,Groothandel en handelsbemiddeling in banden,G,45,453,4531,05
4532,Detailhandel in auto-onderdelen en -accessoires,G,45,453,4532,05
45401,"Groothandel , handelsbemiddeling in motorfietsen, onderdelen",G,45,454,4540,05
45402,"Detailhandel in en reparatie van motorfietsen, onderdelen",G,45,454,4540,05
4611,"Handelsbemiddeling in landbouwproducten, levende dieren",G,46,461,4611,05
4612,"Handelsbemiddeling in brandstoffen, ertsen, metalen e.d.",G,46,461,4612,05
4613,"Handelsbemiddeling in hout, vlakglas, sanitair en bouwmat.",G,46,461,4613,05
4614,"Handelsbemiddeling in machines, technische benodigdheden",G,46,461,4614,05
4615,"Handelsbemiddeling in meubels, huishoudelijke artikelen",G,46,461,4615,05
4616,"Handelsbemiddeling in textiel, kleding, schoeisel en lederw.",G,46,461,4616,05
4617,Handelsbemiddeling in voedings- en genotmiddelen,G,46,461,4617,05
4618,Handelsbemiddeling gespecialiseerd in overige goederen,G,46,461,4618,05
4619,Niet-gespecialiseerde handelsbemiddeling,G,46,461,4619,05
46211,Groothandel in granen,G,46,462,4621,05
46212,"Groothandel in zaden, pootgoed en peulvruchten",G,46,462,4621,05
46213,"Groothandel in hooi, stro en ruwvoeder",G,46,462,4621,05
46214,Groothandel in meng- en krachtvoeder,G,46,462,4621,05
46215,"Groothandel in veevoeder (geen ruw-, meng- en krachtvoeder)",G,46,462,4621,05
46216,"Groothandel in ruwe plantaardige, dierlijke oliën en vetten",G,46,462,4621,05
46217,Groothandel in ruwe tabak,G,46,462,4621,05
46218,Groothandel in akkerbouwproducten en veevoeder algemeen,G,46,462,4621,05
46219,Groothandel in overige akkerbouwproducten,G,46,462,4621,05
4622,Groothandel in bloemen en planten,G,46,462,4622,05
46231,Groothandel in levend vee,G,46,462,4623,05
46232,"Groothandel in huisdieren, siervissen, siervogels",G,46,462,4623,05
46241,Groothandel in huiden en vellen,G,46,462,4624,05
46242,Groothandel in leer en halffabrikaten van leer,G,46,462,4624,05
46311,Groothandel in groenten en fruit,G,46,463,4631,05
46312,Groothandel in consumptie-aardappelen,G,46,463,4631,05
4632,Groothandel in vlees en vleeswaren en in wild en gevogelte,G,46,463,4632,05
46331,Groothandel in zuivelproducten en spijsoliën en -vetten,G,46,463,4633,05
46332,Groothandel in eieren,G,46,463,4633,05
4634,Groothandel in dranken (geen zuivel),G,46,463,4634,05
4635,Groothandel in tabaksproducten en rokersbenodigdheden,G,46,463,4635,05
4636,"Groothandel in suiker, chocolade en suikerwerk",G,46,463,4636,05
4637,"Groothandel in koffie, thee, cacao en specerijen (geen ruwe)",G,46,463,4637,05
46381,Groothandel in snacks,G,46,463,4638,05
46382,"Groothandel in vis, schaal- en weekdieren",G,46,463,4638,05
46383,Gespecialiseerde groothandel in ov. voedings- en genotmid.,G,46,463,4638,05
46384,Groothandel in bakkerijgrondstoffen,G,46,463,4638,05
46389,Gespecialiseerde groothandel in overige grondstoffen,G,46,463,4638,05
4639,Groothandel in voedings- en genotmiddelen algemeen ass.,G,46,463,4639,05
46411,Groothandel in kledingstoffen en fournituren,G,46,464,4641,05
46412,Groothandel in huishoudtextiel en beddengoed,G,46,464,4641,05
46421,Groothandel in bovenkleding,G,46,464,4642,05
46422,Groothandel in werkkleding,G,46,464,4642,05
46423,Groothandel in onderkleding,G,46,464,4642,05
46424,Groothandel in schoenen,G,46,464,4642,05
46425,Groothandel in mode-artikelen,G,46,464,4642,05
46429,Groothandel in textielwaren algemeen assortiment,G,46,464,4642,05
46431,Groothandel in witgoed,G,46,464,4643,05
46432,Groothandel in elektrische huishoudelijke apparatuur,G,46,464,4643,05
46433,Groothandel in audio- en video-apparatuur,G,46,464,4643,05
46434,Groothandel in fotografische artikelen,G,46,464,4643,05
46435,Groothandel in beeld- en geluidsdragers,G,46,464,4643,05
46436,Groothandel in optische artikelen,G,46,464,4643,05
46441,"Groothandel in glas, porselein en aardewerk",G,46,464,4644,05
46442,"Groothandel in was-, poets- en reinigingsmiddelen",G,46,464,4644,05
4645,Groothandel in parfums en cosmetica,G,46,464,4645,05
46461,Groothandel in farmaceutische producten,G,46,464,4646,05
46462,Groothandel in medische en tandheelkundige instrumenten,G,46,464,4646,05
46471,Groothandel in huismeubilair,G,46,464,4647,05
46472,Groothandel in woningtextiel en vloerbedekking,G,46,464,4647,05
46473,Groothandel in verlichtingsartikelen,G,46,464,4647,05
4648,Groothandel in juweliersartikelen en uurwerken,G,46,464,4648,05
46491,Groothandel in fietsen en bromfietsen,G,46,464,4649,05
46492,Groothandel in watersportartikelen,G,46,464,4649,05
46493,Groothandel in kampeerartikelen (geen caravans),G,46,464,4649,05
46494,Groothandel in speelgoed,G,46,464,4649,05
46495,Groothandel in muziekinstrumenten,G,46,464,4649,05
46496,Groothandel in sportartikelen (geen watersport),G,46,464,4649,05
46497,Groothandel in papier- en kartonwaren (geen verpakkingsmat.),G,46,464,4649,05
46498,"Groothandel in boeken, tijdschriften en overig drukwerk",G,46,464,4649,05
46499,Groothandel in overige consumentenartikelen (non-food) n.e.g,G,46,464,4649,05
4651,"Groothandel in computers, randapparatuur en software",G,46,465,4651,05
4652,Groothandel in elektronische en telecommunicatieapparatuur,G,46,465,4652,05
4661,"Groothandel in landbouwmachines, werktuigen en tractoren",G,46,466,4661,05
4662,Groothandel in gereedschapswerktuigen,G,46,466,4662,05
4663,Groothandel in machines voor de bouw,G,46,466,4663,05
4664,Groothandel in machines voor de textielindustrie,G,46,466,4664,05
4665,Groothandel in bedrijfsmeubels,G,46,466,4665,05
4666,Groothandel in kantoormachines (geen computers),G,46,466,4666,05
46681,Groothandel in machines voor de grafische industrie,G,46,466,4668,05
46682,Groothandel in mach. voor de voedings- en genotmiddelenind.,G,46,466,4668,05
46691,Groothandel in intern transportmaterieel,G,46,466,4669,05
46692,"Groothandel in machines en apparaten voor de warmte-, koel-",G,46,466,4669,05
46693,"Groothandel in verbrandingsmotoren, pompen en compressoren",G,46,466,4669,05
46694,"Groothandel in appendages, technische toebehoren e.d.",G,46,466,4669,05
46695,Groothandel in meet- en regelapparaten,G,46,466,4669,05
46696,Groothandel in emballage,G,46,466,4669,05
46697,Groothandel in scheepsbenodigdheden en visserij-artikelen,G,46,466,4669,05
46699,"Groothandel in overige machines, apparaten en toebehoren",G,46,466,4669,05
46711,Groothandel in vaste brandstoffen,G,46,467,4671,05
46712,Groothandel in vloeibare en gasvormige brandstoffen,G,46,467,4671,05
46713,Groothandel in minerale olieproducten (geen brandstoffen),G,46,467,4671,05
46721,Groothandel in metaalertsen,G,46,467,4672,05
46722,Groothandel in ferrometalen en -halffabrikaten,G,46,467,4672,05
46723,Groothandel in non-ferrometalen en -halffabrikaten,G,46,467,4672,05
46731,Groothandel in hout en plaatmateriaal,G,46,467,4673,05
46732,Groothandel in verf en verfwaren,G,46,467,4673,05
46733,Groothandel in behang,G,46,467,4673,05
46734,Groothandel in vlakglas,G,46,467,4673,05
46735,Groothandel in zand en grind,G,46,467,4673,05
46736,Groothandel in tegels en plavuizen,G,46,467,4673,05
46737,Groothandel in sanitaire artikelen en installatiemateriaal,G,46,467,4673,05
46738,Groothandel gespecialiseerd in overige bouwmaterialen,G,46,467,4673,05
46739,Groothandel in bouwmaterialen algemeen assortiment,G,46,467,4673,05
46741,Groothandel in ijzer- en metaalwaren,G,46,467,4674,05
46742,Groothandel in verwarmingsapparaten,G,46,467,4674,05
46751,Groothandel in chemische grondstoffen en chemicaliën,G,46,467,4675,05
46752,Groothandel in bestrijdingsmiddelen en meststoffen,G,46,467,4675,05
46761,Groothandel in textielgrondstoffen en -halffabrikaten,G,46,467,4676,05
46762,Groothandel in papier en karton,G,46,467,4676,05
46769,Groothandel in overige intermediaire producten (rest),G,46,467,4676,05
46771,Groothandel in autosloopmateriaal,G,46,467,4677,05
46772,Groothandel in ijzer- en staalschroot en oude non-ferrometal,G,46,467,4677,05
46779,Groothandel in overige oude materialen en afvalstoffen,G,46,467,4677,05
46901,Niet-gespecialiseerde groothandel in consumentenartikelen,G,46,469,4690,05
46902,Niet-gespecialiseerde groothandel in niet-consumentenartikel,G,46,469,4690,05
4711,Supermarkten en dergelijke winkels met een algemeen assort.,G,47,471,4711,05
47191,Warenhuizen,G,47,471,4719,05
47192,Winkels met een algemeen assortiment non-food,G,47,471,4719,05
4721,"Winkels in aardappelen, groenten en fruit",G,47,472,4721,05
47221,Winkels in vlees en vleeswaren,G,47,472,4722,05
47222,Winkels in wild en gevogelte,G,47,472,4722,05
4723,Winkels in vis,G,47,472,4723,05
47241,Winkels in brood en banket,G,47,472,4724,05
47242,Winkels in chocolade en suikerwerk,G,47,472,4724,05
4725,Winkels in dranken,G,47,472,4725,05
4726,Winkels in tabaksproducten,G,47,472,4726,05
47291,Winkels in kaas,G,47,472,4729,05
47292,Winkels in natuurvoeding en reformartikelen,G,47,472,4729,05
47293,Winkels in buitenlandse voedingsmiddelen,G,47,472,4729,05
47299,Gespecialiseerde winkels in overige voedings- en genotmid.,G,47,472,4729,05
4730,Benzinestations,G,47,473,4730,05
4741,"Winkels in computers, randapparatuur en software",G,47,474,4741,05
4742,Winkels in telecommunicatieapparatuur,G,47,474,4742,05
47431,Winkels in audio- en videoapparatuur,G,47,474,4743,05
47432,Winkels in een algemeen assortiment van wit- en bruingoed,G,47,474,4743,05
47511,Winkels in kledingstoffen,G,47,475,4751,05
47512,Winkels in huishoudtextiel,G,47,475,4751,05
47513,"Winkels in breiwol, handwerken en fournituren",G,47,475,4751,05
47521,Winkels in ijzerwaren en gereedschappen,G,47,475,4752,05
47522,"Winkels in verf, verfwaren en behang",G,47,475,4752,05
47523,Winkels in houten bouw- en tuinmaterialen,G,47,475,4752,05
47524,Winkels in tegels,G,47,475,4752,05
47525,Winkels in keukens,G,47,475,4752,05
47526,"Winkels in parket-, laminaat- en kurkvloeren",G,47,475,4752,05
47527,Winkels gespecialiseerd in overige doe-het-zelfartikelen,G,47,475,4752,05
47528,"Bouwmarkten, andere winkels in bouwmaterialen algemeen ass.",G,47,475,4752,05
4753,Winkels in vloerbedekking en gordijnen,G,47,475,4753,05
47541,Winkels in witgoed,G,47,475,4754,05
47542,Winkels in naai- en breimachines,G,47,475,4754,05
47543,Winkels in overige elektrische huishoudelijke apparatuur,G,47,475,4754,05
47544,Winkels in onderdelen voor elektrische huishoudelijke app.,G,47,475,4754,05
47591,Winkels in meubels,G,47,475,4759,05
47592,Winkels in verlichtingsartikelen,G,47,475,4759,05
47593,Winkels in artikelen voor woninginrichting algemeen ass.,G,47,475,4759,05
47594,Winkels in muziekinstrumenten,G,47,475,4759,05
47595,"Winkels in glas-, porselein- en aardewerk",G,47,475,4759,05
47596,Winkels gespecialiseerd in overige huishoudelijke artikelen,G,47,475,4759,05
47597,Winkels in huishoudelijke artikelen algemeen assortiment,G,47,475,4759,05
4761,Winkels in boeken,G,47,476,4761,05
4762,"Winkels in kranten, tijdschriften en kantoorbehoeften",G,47,476,4762,05
4763,Winkels in audio- en video-opnamen,G,47,476,4763,05
47641,Winkels in fietsen en bromfietsen,G,47,476,4764,05
47642,Winkels in watersportartikelen,G,47,476,4764,05
47643,Winkels in sportartikelen (geen watersport),G,47,476,4764,05
47644,Winkels in kampeerartikelen (geen caravans),G,47,476,4764,05
4765,Winkels in speelgoed,G,47,476,4765,05
47711,Winkels in herenkleding,G,47,477,4771,05
47712,Winkels in dameskleding,G,47,477,4771,05
47713,Winkels in bovenkleding en mode-artikelen (algemeen ass.),G,47,477,4771,05
47714,Winkels in baby- en kinderkleding,G,47,477,4771,05
47715,Winkels in babyartikelen algemeen assortiment,G,47,477,4771,05
47716,"Winkels in onderkleding, foundations e.d.",G,47,477,4771,05
47717,Winkels in mode-artikelen,G,47,477,4771,05
47718,Textielsupermarkten,G,47,477,4771,05
47721,Winkels in schoenen,G,47,477,4772,05
47722,Winkels in lederwaren en reisartikelen,G,47,477,4772,05
4773,Apotheken,G,47,477,4773,05
47741,Winkels in drogisterij-artikelen,G,47,477,4774,05
47742,Winkels in medische en orthopedische artikelen,G,47,477,4774,05
4775,Winkels in parfums en cosmetica,G,47,477,4775,05
47761,"Winkels in bloemen en planten, zaden en tuinbenodigdheden",G,47,477,4776,05
47762,Tuincentra,G,47,477,4776,05
47763,"Winkels in dieren, dierbenodigdheden en hengelsportartikelen",G,47,477,4776,05
4777,Winkels in juweliersartikelen en uurwerken,G,47,477,4777,05
47781,Winkels in fotografische artikelen,G,47,477,4778,05
47782,Winkels in optische artikelen,G,47,477,4778,05
47783,"Winkels in schilderijen, lijsten, prenten, kunstvoorwerpen",G,47,477,4778,05
47789,Winkels gespecialiseerd in overige artikelen (rest),G,47,477,4778,05
47791,Winkels in antiek,G,47,477,4779,05
47792,Winkels in tweedehands kleding,G,47,477,4779,05
47793,Winkels in tweedehands goederen (geen kleding),G,47,477,4779,05
47811,"Markthandel in aardappelen, groenten en fruit",G,47,478,4781,05
47819,Markthandel in overige voedings- en genotmiddelen,G,47,478,4781,05
4782,"Markthandel in textiel, kleding en schoenen",G,47,478,4782,05
47891,"Markthandel in bloemen, planten, zaden en tuinbenodigdheden",G,47,478,4789,05
47892,Markthandel in tweedehands goederen,G,47,478,4789,05
47899,Markthandel in overige goederen,G,47,478,4789,05
47911,Detailh. via postorder/internet in voedingsmid./drog.waren,G,47,479,4791,05
47912,Detailhandel via internet in consumentenelektronica,G,47,479,4791,05
47913,Detailh. via postorder/internet in boek/tijdschr./cd's/dvd's,G,47,479,4791,05
47914,Detailhandel via internet in kleding en mode-artikelen,G,47,479,4791,05
47915,Detailhandel via internet in huis- en tuinartikelen,G,47,479,4791,05
47916,Detailhandel via internet in vrijetijdsartikelen,G,47,479,4791,05
47918,Detailhandel via internet in overige non-food,G,47,479,4791,05
47919,Detailhandel via internet in algemeen assortiment non-food,G,47,479,4791,05
47991,Colportage,G,47,479,4799,05
47992,Straathandel,G,47,479,4799,05
47999,Detailhandel via overige distributievormen,G,47,479,4799,05
4910,Personenvervoer per spoor (geen tram of metro),H,49,491,4910,06
4920,Goederenvervoer per spoor,H,49,492,4920,06
4931,Openbaar vervoer binnen steden,H,49,493,4931,06
4932,Vervoer per taxi,H,49,493,4932,06
49391,Ongeregeld besloten busvervoer,H,49,493,4939,06
49392,"Streekvervoer per bus, tram en metro",H,49,493,4939,06
49393,Geregeld besloten busvervoer,H,49,493,4939,06
4941,Goederenvervoer over de weg (geen verhuizingen),H,49,494,4941,06
4942,Verhuisvervoer,H,49,494,4942,06
4950,Transport via pijpleidingen,H,49,495,4950,06
5010,Zee- en kustvaart (passagiersvaart en veerdiensten),H,50,501,5010,06
50201,Zee- en kustvaart (vracht- en tankvaart; geen sleepvaart),H,50,502,5020,06
50202,Zee- en kustsleepvaart,H,50,502,5020,06
5030,Binnenvaart (passagiersvaart en veerdiensten),H,50,503,5030,06
50401,Binnenvaart (vrachtvaart),H,50,504,5040,06
50402,Binnenvaart (tankvaart),H,50,504,5040,06
50403,Binnenvaart (sleep- en duwvaart),H,50,504,5040,06
5110,Personenvervoer door de lucht,H,51,511,5110,06
5121,Goederenvervoer door de lucht,H,51,512,5121,06
52101,Opslag in tanks,H,52,521,5210,06
52102,Opslag in koelhuizen e.d.,H,52,521,5210,06
52109,"Opslag in distributiecentra, overige opslag (niet in tanks)",H,52,521,5210,06
5221,Dienstverlening voor vervoer over land,H,52,522,5221,06
5222,Dienstverlening voor vervoer over water,H,52,522,5222,06
5223,Dienstverlening voor de luchtvaart,H,52,522,5223,06
52241,"Laad-, los- en overslagactiviteiten voor zeevaart",H,52,522,5224,06
52242,"Laad-, los- en overslagactiviteiten niet voor zeevaart",H,52,522,5224,06
52291,"Expediteurs, cargadoors, bevrachters, andere tussenpersonen",H,52,522,5229,06
52292,Weging en meting,H,52,522,5229,06
5310,Nationale post met universele dienstverplichting,H,53,531,5310,06
53201,Post zonder universele dienstverplichting,H,53,532,5320,06
53202,Koeriers,H,53,532,5320,06
55101,Hotel-restaurants,I,55,551,5510,07
55102,"Hotels (geen hotel-restaurants), pensions en confer.-oorden",I,55,551,5510,07
55201,Verhuur van vakantiehuisjes en appartementen,I,55,552,5520,07
55202,"Jeugdherbergen, vakantiekampen en groepsaccommodaties",I,55,552,5520,07
5530,Kampeerterreinen,I,55,553,5530,07
5590,Overige logiesverstrekking,I,55,559,5590,07
56101,Restaurants,I,56,561,5610,07
56102,"Fastfoodrestaurants, cafetaria's, ijssalons, eetkramen e.d.",I,56,561,5610,07
5621,Eventcatering,I,56,562,5621,07
5629,Kantines en contractcatering,I,56,562,5629,07
5630,Cafés,I,56,563,5630,07
5811,Uitgeverijen van boeken,J,58,581,5811,08
5812,Databanken,J,58,581,5812,08
5813,Uitgeverijen van kranten,J,58,581,5813,08
5814,Uitgeverijen van tijdschriften,J,58,581,5814,08
5819,Overige uitgeverijen (niet van software),J,58,581,5819,08
5821,Uitgeverijen van computerspellen,J,58,582,5821,08
5829,Overige uitgeverijen van software,J,58,582,5829,08
59111,Productie van films (geen televisiefilms),J,59,591,5911,08
59112,Productie van televisieprogramma's,J,59,591,5911,08
5912,Facilitaire activiteiten voor film- en televisieproductie,J,59,591,5912,08
5913,Distributie van films en televisieproducties,J,59,591,5913,08
5914,Bioscopen,J,59,591,5914,08
5920,Maken en uitgeven van geluidsopnamen,J,59,592,5920,08
6010,Radio-omroepen,J,60,601,6010,08
6020,Televisie-omroepen,J,60,602,6020,08
6110,Draadgebonden telecommunicatie,J,61,611,6110,08
6120,Draadloze telecommunicatie,J,61,612,6120,08
6130,Telecommunicatie via satelliet,J,61,613,6130,08
6190,Overige telecommunicatie,J,61,619,6190,08
6201,"Ontwikkelen, produceren en uitgeven van software",J,62,620,6201,08
6202,Advisering op het gebied van informatietechnologie,J,62,620,6202,08
6203,Beheer van computerfaciliteiten,J,62,620,6203,08
6209,Overige dienstverlenende activiteiten op het gebied van info,J,62,620,6209,08
6311,"Gegevensverwerking, webhosting en aanverwante activiteiten",J,63,631,6311,08
6312,Webportals,J,63,631,6312,08
6391,Persagentschappen,J,63,639,6391,08
6399,Overige dienstverlenende activiteiten op het gebied van info,J,63,639,6399,08
6411,Centrale banken,K,64,641,6411,09
64191,Coöperatief georganiseerde banken,K,64,641,6419,09
64192,Effectenkredietinstellingen,K,64,641,6419,09
64193,Spaarbanken,K,64,641,6419,09
64194,Algemene banken,K,64,641,6419,09
6420,Financiële holdings,K,64,642,6420,09
64301,Beleggingsinstellingen in financiële activa,K,64,643,6430,09
64302,Beleggingsinstellingen in vaste activa,K,64,643,6430,09
64303,Beleggingsinstellingen met beperkte toetreding,K,64,643,6430,09
6491,Financiële lease,K,64,649,6491,09
64921,Hypotheekbanken en bouwfondsen,K,64,649,6492,09
64922,"Volkskredietbanken, commerciële financieringsmaatschappijen",K,64,649,6492,09
64923,Participatiemaatschappijen,K,64,649,6492,09
64924,Wisselmakelaars en overige kredietverstrekking,K,64,649,6492,09
6499,Overige financiële intermediatie,K,64,649,6499,09
65111,Levensverzekeringen (geen herverzekering),K,65,651,6511,09
65112,Naturaverzekeringen,K,65,651,6511,09
65113,Spaarkassen,K,65,651,6511,09
65121,Schadeverzek. (geen zorg),K,65,651,6512,09
65122,Zorgverzekeringen,K,65,651,6512,09
6520,Herverzekering,K,65,652,6520,09
65301,Bedrijfstakpensioenfondsen,K,65,653,6530,09
65302,Ondernemingspensioenfondsen en -spaarfondsen,K,65,653,6530,09
65303,Beroepspensioenfondsen,K,65,653,6530,09
65309,Overige pensioenfondsen,K,65,653,6530,09
6611,Beheer van financiële markten,K,66,661,6611,09
6612,"Commissionairs en makelaars in effecten, beleggingsadviseurs",K,66,661,6612,09
66191,Administratiekantoren voor aandelen en obligaties,K,66,661,6619,09
66192,Marketmakers,K,66,661,6619,09
66193,"Hypotheek- en kredietbemiddeling, geldwisselkantoren",K,66,661,6619,09
6621,Risicoanalisten en schadetaxateurs,K,66,662,6621,09
6622,Assurantietussenpersonen,K,66,662,6622,09
66291,Verzekeringsbeurzen,K,66,662,6629,09
66292,Actuariële en pensioenadviesbureaus; beheer en administratie,K,66,662,6629,09
66293,Waarborgfondsen,K,66,662,6629,09
66299,Overige dienstverlening op het gebied van verzekeringen,K,66,662,6629,09
6630,Vermogensbeheer,K,66,663,6630,09
6810,Handel in eigen onroerend goed,L,68,681,6810,10
68201,Woningbouwverenigingen en -stichtingen,L,68,682,6820,10
68202,Gemeentelijke woningbedrijven,L,68,682,6820,10
68203,Verhuur van overige woonruimte,L,68,682,6820,10
68204,Verhuur van onroerend goed (niet van woonruimte),L,68,682,6820,10
6831,"Bemiddeling bij handel, huur of verhuur van onroerend goed",L,68,683,6831,10
6832,Beheer van onroerend goed,L,68,683,6832,10
69101,"Advocatenkantoren, bewindvoerders en curatoren",M,69,691,6910,10
69102,Rechtskundige adviesbureaus,M,69,691,6910,10
69103,Notariskantoren,M,69,691,6910,10
69104,Deurwaarderskantoren,M,69,691,6910,10
69105,Octrooibureaus,M,69,691,6910,10
69201,Registeraccountants,M,69,692,6920,10
69202,Accountants-administratieconsulenten,M,69,692,6920,10
69203,Boekhoudkantoren,M,69,692,6920,10
69204,Belastingconsulenten,M,69,692,6920,10
69209,Overige administratiekantoren,M,69,692,6920,10
70101,Concerndiensten binnen eigen concern,M,70,701,7010,10
70102,Holdings (geen financiële),M,70,701,7010,10
7021,Public relationsbureaus,M,70,702,7021,10
70221,Organisatie-adviesbureaus,M,70,702,7022,10
70222,Advisering op het gebied van management en bedrijfsvoering,M,70,702,7022,10
71111,Architecten (geen interieurarchitecten),M,71,711,7111,10
71112,Interieurarchitecten,M,71,711,7111,10
7112,Ingenieurs en overig technisch ontwerp en advies,M,71,711,7112,10
71201,Keuring en controle van agrarische producten en voedingsmid,M,71,712,7120,10
71202,"Keuring en controle van machines, apparaten en materialen",M,71,712,7120,10
71203,Overige keuring en controle,M,71,712,7120,10
72111,Biotechnologisch speur- en ontwikkelingswerk (agra. prod.),M,72,721,7211,10
72112,Biotechnologisch speur- en ontwikkelingswerk (med. prod.),M,72,721,7211,10
72113,Biotechnologisch speur- en ontwikkelingswerk overig,M,72,721,7211,10
72191,"Speur- en ontwikkelingswerk, landbouw en visserij",M,72,721,7219,10
72192,Technisch speur- en ontwikkelingswerk,M,72,721,7219,10
72193,Speur- en ontwikkelingswerk op het gebied van gezondheid,M,72,721,7219,10
72199,Overig natuurwetenschappelijk speur- en ontwikkelingswerk,M,72,721,7219,10
7220,Speur- en ontwikkelingswerk op het gebied v. de maatschappij,M,72,722,7220,10
7311,Reclamebureaus,M,73,731,7311,10
7312,Handel in advertentieruimte en -tijd,M,73,731,7312,10
7320,Markt- en opinieonderzoekbureaus,M,73,732,7320,10
74101,Communicatie- en grafisch ontwerp,M,74,741,7410,10
74102,Industrieel en productontwerp,M,74,741,7410,10
74103,Interieur- en ruimtelijk ontwerp,M,74,741,7410,10
74201,Fotografie,M,74,742,7420,10
74202,Ontwikkelwinkels,M,74,742,7420,10
74203,Ontwikkelcentrales,M,74,742,7420,10
7430,Vertalers en tolken,M,74,743,7430,10
7490,Overige specialistische zakelijke dienstverlening,M,74,749,7490,10
7500,Veterinaire dienstverlening,M,75,750,7500,10
77111,Verhuur van personenauto's en lichte bedrijfsauto's,N,77,771,7711,10
77112,Operational lease v. personenauto's en lichte bedrijfsauto's,N,77,771,7711,10
7712,"Verhuur en lease van vrachtwagens, autobussen, caravans",N,77,771,7712,10
7721,Verhuur van sport- en recreatieartikelen,N,77,772,7721,10
7722,Videotheken,N,77,772,7722,10
77291,Verhuur van leesportefeuilles,N,77,772,7729,10
77292,Verhuur van kleding en huishoudelijke artikelen,N,77,772,7729,10
77299,Verhuur van overige consumentenartikelen (rest),N,77,772,7729,10
7731,Verhuur en lease van landbouwmachines en -werktuigen,N,77,773,7731,10
7732,Verhuur en lease van machines en installaties voor de bouw,N,77,773,7732,10
7733,Verhuur en lease van computers en kantoorapparatuur,N,77,773,7733,10
7734,Verhuur en lease van schepen,N,77,773,7734,10
7735,Verhuur en lease van vliegtuigen,N,77,773,7735,10
77391,Verhuur van automaten,N,77,773,7739,10
77399,Verhuur en lease van overige machines en werktuigen,N,77,773,7739,10
7740,Lease van niet-financiële immateriële activa,N,77,774,7740,10
7810,Arbeidsbemiddeling,N,78,781,7810,10
78201,Uitzendbureaus,N,78,782,7820,10
78202,Uitleenbureaus,N,78,782,7820,10
78203,Banenpools (werkgelegenheidsprojecten),N,78,782,7820,10
7830,Payrolling (personeelsbeheer),N,78,783,7830,10
7911,Reisbemiddeling,N,79,791,7911,10
7912,Reisorganisatie,N,79,791,7912,10
7990,Informatieverstrekking op het gebied van toerisme,N,79,799,7990,10
8010,Particuliere beveiliging,N,80,801,8010,10
8020,Beveiliging via beveiligingssystemen,N,80,802,8020,10
8030,Opsporing,N,80,803,8030,10
8110,Facility management,N,81,811,8110,10
8121,Interieurreiniging van gebouwen,N,81,812,8121,10
81221,Glazenwassen,N,81,812,8122,10
81222,Schoorsteenvegen,N,81,812,8122,10
81229,Overige gespecialiseerde reiniging,N,81,812,8122,10
8129,Overige reiniging,N,81,812,8129,10
8130,Landschapsverzorging,N,81,813,8130,10
8211,Brede administratieve dienstverlening,N,82,821,8211,10
8219,Secretariële dienstverlening,N,82,821,8219,10
8220,Callcenters,N,82,822,8220,10
8230,Organiseren van congressen en beurzen,N,82,823,8230,10
8291,Kredietinformatie- en incassobureaus,N,82,829,8291,10
8292,"Pakken, sorteren e.d. in loon",N,82,829,8292,10
82991,"Veilingen van landbouw-, tuinbouw- en visserijproducten",N,82,829,8299,10
82992,"Veilingen van huisraad, kunst, antiek, machines e.d.",N,82,829,8299,10
82999,Overige zakelijke dienstverlening (rest),N,82,829,8299,10
8411,Algemeen overheidsbestuur,O,84,841,8411,11
8412,"Openbaar bestuur op het gebied v. gezondheidszorg, onderwijs",O,84,841,8412,11
8413,Openbaar bestuur op het gebied van het bedrijfsleven,O,84,841,8413,11
8421,Buitenlandse zaken,O,84,842,8421,11
8422,Defensie,O,84,842,8422,11
84231,Rechtspraak,O,84,842,8423,11
84232,Ministerie van Justitie en gevangeniswezen,O,84,842,8423,11
8424,Politie,O,84,842,8424,11
8425,Brandweer,O,84,842,8425,11
8430,Verplichte sociale verzekeringen,O,84,843,8430,11
85201,Basisonderwijs voor leerplichtigen,P,85,852,8520,12
85202,Speciaal basisonderwijs,P,85,852,8520,12
85203,Speciaal onderwijs in expertisecentra,P,85,852,8520,12
85311,Havo en vwo,P,85,853,8531,12
85312,Voorbereidend middelbaar beroepsonderwijs,P,85,853,8531,12
85313,Praktijkonderwijs,P,85,853,8531,12
85314,Brede scholengemeenschappen voor voortgezet onderwijs,P,85,853,8531,12
85321,Middelbaar beroepsonderwijs,P,85,853,8532,12
85322,Educatie,P,85,853,8532,12
85323,Middelbaar beroepsonderwijs en educatie (gecombineerd),P,85,853,8532,12
8541,Niet-universitair hoger onderwijs,P,85,854,8541,12
8542,Universitair hoger onderwijs,P,85,854,8542,12
85511,Zeil- en surfscholen,P,85,855,8551,12
85519,Overig sport- en recreatieonderwijs,P,85,855,8551,12
85521,Dansscholen,P,85,855,8552,12
85522,Kunstzinnige vorming van amateurs (geen dansscholen),P,85,855,8552,12
8553,Auto- en motorrijscholen,P,85,855,8553,12
85591,Afstandsonderwijs,P,85,855,8559,12
85592,Bedrijfsopleiding en -training,P,85,855,8559,12
85599,"Studiebegeleiding, vorming en onderwijs (rest)",P,85,855,8559,12
8560,Dienstverlening voor het onderwijs,P,85,856,8560,12
86101,Universitair medische centra,Q,86,861,8610,13
86102,Algemene ziekenhuizen,Q,86,861,8610,13
86103,Categorale ziekenhuizen,Q,86,861,8610,13
86104,Geestelijke gezondheids- en verslavingszorg met overnachting,Q,86,861,8610,13
8621,Praktijken van huisartsen,Q,86,862,8621,13
86221,Praktijken van med. specialisten en med. dagbehandelcentra,Q,86,862,8622,13
86222,Praktijken van psychiaters en psych. dagbehandelcentra,Q,86,862,8622,13
86231,Praktijken van tandartsen,Q,86,862,8623,13
86232,Praktijken van tandheelkundig specialisten,Q,86,862,8623,13
86911,Praktijken van verloskundigen,Q,86,869,8691,13
86912,Praktijken van fysiotherapeuten,Q,86,869,8691,13
86913,"Praktijken van psychotherapeuten, psychologen en pedagogen",Q,86,869,8691,13
86919,"Overige paramedische praktijken (geen fysiotherapie, psych.)",Q,86,869,8691,13
86921,Gezondheidscentra,Q,86,869,8692,13
86922,Arbobegeleiding en reïntegratie,Q,86,869,8692,13
86923,Preventieve gezondheidszorg (geen arbobegeleiding),Q,86,869,8692,13
86924,"Medische laboratoria, trombodediensten en overig behandeling",Q,86,869,8692,13
86925,Ambulancediensten en centrale posten,Q,86,869,8692,13
86929,Samenwerkingsorganen op het gebied van gezondheidszorg,Q,86,869,8692,13
8710,Verpleeghuizen,Q,87,871,8710,13
8720,Huizen en dagverblijven voor verstandelijk gehandicapten,Q,87,872,8720,13
87301,Huizen en dagverblijven voor niet-verstandelijk gehandicapt.,Q,87,873,8730,13
87302,Verzorgingshuizen,Q,87,873,8730,13
87901,Jeugdzorg met overnachting en dagverblijven voor jeugdzorg,Q,87,879,8790,13
87902,Maatschappelijk opvang met overnachting,Q,87,879,8790,13
88101,Thuiszorg,Q,88,881,8810,13
88102,Welzijnswerk voor ouderen,Q,88,881,8810,13
88103,Ondersteuning en begeleiding van gehandicapten,Q,88,881,8810,13
8891,Kinderopvang,Q,88,889,8891,13
88991,Ambulante jeugdzorg,Q,88,889,8899,13
88992,Maatschappelijk werk,Q,88,889,8899,13
88993,Lokaal welzijnswerk,Q,88,889,8899,13
88999,"Overig maatschappelijk advies, gemeenschapshuizen",Q,88,889,8899,13
90011,Beoefening van podiumkunst,R,90,900,9001,14
90012,Producenten van podiumkunst,R,90,900,9001,14
90013,Circus en variété,R,90,900,9001,14
9002,Dienstverlening voor uitvoerende kunst,R,90,900,9002,14
9003,Schrijven en overige scheppende kunst,R,90,900,9003,14
90041,Theaters en schouwburgen,R,90,900,9004,14
90042,Evenementenhallen,R,90,900,9004,14
91011,Openbare bibliotheken,R,91,910,9101,14
91012,Kunstuitleencentra,R,91,910,9101,14
91019,Overige culturele uitleencentra en openbare archieven,R,91,910,9101,14
91021,Musea,R,91,910,9102,14
91022,Kunstgalerieën en -expositieruimten,R,91,910,9102,14
9103,Monumentenzorg,R,91,910,9103,14
91041,"Dieren- en plantentuinen, kinderboerderijen",R,91,910,9104,14
91042,Natuurbehoud,R,91,910,9104,14
92001,Loterijen en kansspelen (geen amusementsautomaten),R,92,920,9200,14
92009,Exploitatie van amusements- en speelautomaten,R,92,920,9200,14
93111,Zwembaden,R,93,931,9311,14
93112,"Sporthallen, sportzalen en gymzalen",R,93,931,9311,14
93113,Sportvelden,R,93,931,9311,14
93119,Overige sportaccommodaties,R,93,931,9311,14
93121,Veldvoetbal,R,93,931,9312,14
93122,Veldsport in teamverband (geen voetbal),R,93,931,9312,14
93123,Atletiek,R,93,931,9312,14
93124,Tennis,R,93,931,9312,14
93125,Paardensport en maneges,R,93,931,9312,14
93126,Wielersport,R,93,931,9312,14
93127,Auto- en motorsport,R,93,931,9312,14
93128,Wintersport,R,93,931,9312,14
93129,Overige buitensport,R,93,931,9312,14
9313,Fitnesscentra,R,93,931,9313,14
93141,Individuele zaalsport,R,93,931,9314,14
93142,Zaalsport in teamverband,R,93,931,9314,14
93143,Kracht- en vechtsport,R,93,931,9314,14
93144,"Bowlen, kegelen, biljarten e.d.",R,93,931,9314,14
93145,Denksport,R,93,931,9314,14
93146,Sportscholen,R,93,931,9314,14
93149,Overige binnensport en omnisport,R,93,931,9314,14
93151,Zwem- en onderwatersport,R,93,931,9315,14
93152,"Roei-, kano-, zeil- en surfsport e.d.",R,93,931,9315,14
93191,Beroepssportlieden,R,93,931,9319,14
93192,Hengelsport,R,93,931,9319,14
93193,Verzorgen van vistochten,R,93,931,9319,14
93194,Supportersverenigingen (sport),R,93,931,9319,14
93195,Organiseren van sportevenementen,R,93,931,9319,14
93196,Overkoepelende organen en samenwerkings- en adviesorganen,R,93,931,9319,14
93199,Overige sportactiviteiten (rest),R,93,931,9319,14
93211,Pret- en themaparken,R,93,932,9321,14
93212,Kermisattracties,R,93,932,9321,14
93291,Jachthavens,R,93,932,9329,14
93299,"Overige recreatie (rest, geen jachthavens)",R,93,932,9329,14
9411,Bedrijfs- en werkgeversorganisaties,S,94,941,9411,14
9412,Beroepsorganisaties,S,94,941,9412,14
9420,Werknemersorganisaties,S,94,942,9420,14
94911,Religieuze organisaties,S,94,949,9491,14
94919,Overige levensbeschouwelijke organisaties,S,94,949,9491,14
9492,Politieke organisaties,S,94,949,9492,14
94991,Gezelligheidsverenigingen,S,94,949,9499,14
94992,Hobbyclubs,S,94,949,9499,14
94993,Steunfondsen (niet op het gebied van welzijnszorg),S,94,949,9499,14
94994,"Vriendenkringen op het gebied van cultuur, fanclubs",S,94,949,9499,14
94995,Overkoepelende organen en samenwerkings- en adviesorganen,S,94,949,9499,14
94996,Overige ideële organisaties (rest),S,94,949,9499,14
94997,Overige belangenbehartiging (rest),S,94,949,9499,14
9511,Reparatie van computers en randapparatuur,S,95,951,9511,14
9512,Reparatie van communicatieapparatuur,S,95,951,9512,14
9521,Reparatie van consumentenelektronica (geen computers),S,95,952,9521,14
9522,Reparatie van elektrische huishoudelijke apparaten,S,95,952,9522,14
9523,Reparatie van schoenen en lederwaren,S,95,952,9523,14
9524,Reparatie en stoffering van meubels,S,95,952,9524,14
9525,Reparatie van uurwerken en juweliersartikelen,S,95,952,9525,14
9529,Reparatie van overige consumentenartikelen,S,95,952,9529,14
96011,Wasserijen en linnenverhuur,S,96,960,9601,14
96012,Chemische wasserijen en ververijen,S,96,960,9601,14
96013,Wassalons en -verzendinrichtingen,S,96,960,9601,14
96021,Haarverzorging,S,96,960,9602,14
96022,"Schoonheidsverzorging, pedicures en manicures",S,96,960,9602,14
96031,Uitvaartverzorging,S,96,960,9603,14
96032,"Crematoria, mortuaria en begraafplaatsen",S,96,960,9603,14
9604,"Sauna's, solaria, baden e.d.",S,96,960,9604,14
9609,Overige dienstverlening (rest),S,96,960,9609,14
9700,Huishoudens als werkgever van huishoudelijk personeel,T,97,970,9700,14
9810,Niet-gespecificeerde prod. van goederen door particulieren,T,98,981,9810,14
9820,Niet-gespecificeerde productie v.diensten door particulieren,T,98,982,9820,14
9900,Extraterritoriale organisaties en lichamen,U,99,990,9900,14
